小王,男  ,16,小孩,小品,158,
小王,男,16,小孩,小品,158,
小王,男,16,小孩,小品,158,
小王,男,16,小孩,小品,158,
小王,男,16,小孩,小品,158,
小王,男,16,小孩,小品,158,
小王,男,16,小孩,小品,158,
小王,男,16,小孩,小品,158,
小王,男,16,小孩,小品,158,
小王,男,16,小孩,小品,158,
小王,男,16,小孩,小品,158,
小王,男,16,小孩,小品,158,
小王,男,16,小孩,小品,158,
小王,男,16,小孩,小品,158,
小王,男,16,小孩,小品,158,
小王,男,16,小孩,小品,158,
小王,男,16,小孩,小品,158,
小王,男,16,小孩,小品,158,
小王,男,16,小孩,小品,158,
小王,男,16,小孩,小品,158,
小王,男,16,小孩,小品,158,
小王,男,16,小孩,小品,158,
小王,男,16,小孩,小品,158,
小王,男,16,小孩,小品,158,
小王,男,16,小孩,小品,158,
小王,男,16,小孩,小品,158,
小王,男,16,小孩,小品,158,
小王,男,16,小孩,小品,158,
小王,男,16,小孩,小品,158,
小王,男,16,小孩,小品,158,0 1 2 3 4 5 6 7 8 9 